<?xml version="1.0"?>
<!--*-nxml-*-->
<!DOCTYPE refentry PUBLIC "-//OASIS//DTD DocBook XML V4.5//EN"
  "http://www.oasis-open.org/docbook/xml/4.2/docbookx.dtd">
<!-- SPDX-License-Identifier: LGPL-2.1-or-later -->
<refentry id="systemd-integritysetup-generator" conditional='HAVE_LIBCRYPTSETUP'>

  <refentryinfo>
    <title>systemd-integritysetup-generator</title>
    <productname>systemd</productname>
  </refentryinfo>

  <refmeta>
    <refentrytitle>systemd-integritysetup-generator</refentrytitle>
    <manvolnum>8</manvolnum>
  </refmeta>

  <refnamediv>
    <refname>systemd-integritysetup-generator</refname>
    <refpurpose>Unit generator for integrity protected block devices</refpurpose>
  </refnamediv>

  <refsynopsisdiv>
    <para><filename>/usr/lib/systemd/system-generators/systemd-integritysetup-generator</filename></para>
  </refsynopsisdiv>

  <refsect1>
    <title>Description</title>

    <para><filename>systemd-integritysetup-generator</filename> is a generator that translates <filename>/etc/integritytab</filename> entries into
    native systemd units early at boot. This will create
    <citerefentry><refentrytitle>systemd-integritysetup@.service</refentrytitle><manvolnum>8</manvolnum></citerefentry>
    units as necessary.</para>

    <para><command>systemd-integritysetup-generator</command> implements
    <citerefentry><refentrytitle>systemd.generator</refentrytitle><manvolnum>7</manvolnum></citerefentry>.</para>
  </refsect1>

  <refsect1>
    <title>See Also</title>
    <para>
      <citerefentry><refentrytitle>systemd</refentrytitle><manvolnum>1</manvolnum></citerefentry>,
      <citerefentry><refentrytitle>systemd-integritysetup@.service</refentrytitle><manvolnum>8</manvolnum></citerefentry>,
      <citerefentry project='die-net'><refentrytitle>integritysetup</refentrytitle><manvolnum>8</manvolnum></citerefentry>
    </para>
  </refsect1>

</refentry>
