<?xml version="1.0"?>
<!--*-nxml-*-->
<!DOCTYPE refentry PUBLIC "-//OASIS//DTD DocBook XML V4.5//EN"
  "http://www.oasis-open.org/docbook/xml/4.2/docbookx.dtd">
<!-- SPDX-License-Identifier: LGPL-2.1-or-later -->
<refentry id="systemd-quotacheck.service" conditional='ENABLE_QUOTACHECK'>

  <refentryinfo>
    <title>systemd-quotacheck.service</title>
    <productname>systemd</productname>
  </refentryinfo>

  <refmeta>
    <refentrytitle>systemd-quotacheck.service</refentrytitle>
    <manvolnum>8</manvolnum>
  </refmeta>

  <refnamediv>
    <refname>systemd-quotacheck.service</refname>
    <refname>systemd-quotacheck</refname>
    <refpurpose>File system quota checker logic</refpurpose>
  </refnamediv>

  <refsynopsisdiv>
    <para><filename>systemd-quotacheck.service</filename></para>
    <para><filename>/usr/lib/systemd/systemd-quotacheck</filename></para>
  </refsynopsisdiv>

  <refsect1>
    <title>Description</title>

    <para><filename>systemd-quotacheck.service</filename> is a service
    responsible for file system quota checks. It is run once at boot
    after all necessary file systems are mounted. It is pulled in only
    if at least one file system has quotas enabled.</para>
  </refsect1>

  <refsect1>
    <title>Kernel Command Line</title>

    <para><filename>systemd-quotacheck</filename> understands one
    kernel command line parameter:</para>

    <variablelist class='kernel-commandline-options'>
      <varlistentry>
        <term><varname>quotacheck.mode=</varname></term>

        <listitem><para>One of <literal>auto</literal>,
        <literal>force</literal>, <literal>skip</literal>. Controls
        the mode of operation. The default is <literal>auto</literal>,
        and ensures that file system quota checks are done when the
        file system quota checker deems them necessary.
        <literal>force</literal> unconditionally results in full file
        system quota checks. <literal>skip</literal> skips any file
        system quota checks.</para></listitem>
      </varlistentry>
    </variablelist>
  </refsect1>

  <refsect1>
    <title>See Also</title>
    <para>
      <citerefentry><refentrytitle>systemd</refentrytitle><manvolnum>1</manvolnum></citerefentry>,
      <citerefentry project='die-net'><refentrytitle>quotacheck</refentrytitle><manvolnum>8</manvolnum></citerefentry>,
      <citerefentry><refentrytitle>systemd-fsck@.service</refentrytitle><manvolnum>8</manvolnum></citerefentry>
    </para>
  </refsect1>

</refentry>
